FermiEne,BandEne,NumElec,h0Ene,sccEne,3rdEne,repEne,mbdEne,TBdip_norm,TBeig_1,TBeig_2,TBeig_3,TBeig_4,TBeig_5,TBeig_6,TBeig_7,TBeig_8,TBchg_1,TBchg_2,TBchg_3,TBchg_4,TBchg_5,TBchg_6,TBchg_7,TBchg_8,TBchg_9,TBchg_10,TBchg_11,TBchg_12,TBchg_13,TBchg_14,TBchg_15,TBchg_16,TBchg_17,TBchg_18,TBchg_19,TBchg_20,TBchg_21,TBchg_22,TBchg_23
-5.448167591564651,-195.8095695079711,22,-183.67694554237258,-11.575203820717743,-0.5574201448807679,97.15258694292359,-0.8050608638908381,0.925357267063401,-15.09235626632924,-13.971682684101651,-9.782072337987275,-9.127438926443851,-7.038371664784108,-4.162348925833978,-2.8003771548250183,0.279296312598182,0.038318744897409766,-0.2137520326218783,0.10045024496125957,0.24408380750550676,0.24472045123642763,0.10298572399498475,-0.09476015490638548,-0.20238356500328492,-0.2172790580315324,-0.42818086795094756,0.09683006292502216,-0.02267362955982597,0.12913412344180306,0.20695642125905214,0.007737530059195409,0.01464593993080647,-0.07689635320078601,-0.059160964102027265,0.10202218534477403,-0.03340455608096263,-0.05509945153908963,-0.009995830442593728,0.1257012278830724
-5.055993910253471,-197.36780277771578,24,-190.56585416946044,-6.152751175709442,-0.6491974325458849,138.08872810863878,-2.302207239065856,2.2247100891924023,-14.870196995010208,-12.972335717669441,-10.882782576224374,-8.023626396466913,-6.369321731523148,-4.125553830372372,-1.9283501168087986,0.010474182357874673,-0.12188139140345362,-0.02796143536174313,0.018809517937826235,0.15605112780884764,-0.053876674248851064,-0.12565566563669656,-0.09063629936979155,0.13997645722336863,0.28701363706158145,-0.21504582978184317,-0.1822773999894168,-0.04330167573426002,-0.001338743318731718,0.10006327710431107,-0.15165210901916118,-0.17744851322635788,0.0027309152411062465,-0.0567422657600135,0.12102599193679049,0.05512181274961933,0.06532474441604459,-0.03365435968546822,0.33535488105629263
-4.265529357283803,-218.41791658371457,20,-205.7097860197266,-12.367146335889075,-0.340984228098915,125.63382101987469,-2.106603563452582,0.9620257205035877,-14.005593244108812,-12.181833925767156,-10.004719387482806,-8.396515392725728,-5.5452206603960335,-4.4110141463542,-1.2666074648354892,0.5941626346337894,-0.13459887120959413,0.08268480109268612,-0.19939017203149623,-0.16995682563144798,-0.10003851378534838,0.23546182652217376,0.03064749059757273,-0.09750838425218641,0.04722877492265584,-0.0036644917568538537,-0.08273267934139811,-0.21843100233876428,0.20684469870631336,0.022536045335976158,0.31712408204970566,0.13211156911060185,0.07376128474362623,-0.07421732326307519,-0.17323850854906764,-0.041596321643797216,-0.17758056310140474,0.08859188313908302,0.23596120068403942
-5.5619491672700185,-188.6890455631753,24,-178.694150623081,-9.542059135539125,-0.4528358045551931,99.42615930415315,-1.9202332971346388,0.9759121862472543,-15.374656612544529,-13.943506191453714,-12.335913565575055,-9.308810392185359,-7.513476930269997,-5.737941794589546,-2.320814675279876,0.2386699463010018,-0.05379572354238032,0.12701476223386873,-0.11804324415733929,-0.06002890935591346,-0.13690348130962723,-0.3346288388853873,-0.02013888611260238,0.004608877014852105,0.14522026618943482,0.10465685427558236,0.1066840512310385,-0.16076431709249234,0.054265712285793015,0.222730211197428,0.042321293981551385,0.2596301583349388,0.2881860330431687,-0.05492912416855761,-0.11919984538689654,-0.1288782084376533,-0.24207925664029378,-0.09241931853713907,0.16649093383862618
-4.52499730224641,-194.034061045557,24,-182.92004427010198,-10.678772586356393,-0.4352441890986286,127.27641167419912,-1.7742420289905152,1.8563190595293924,-14.923473020133684,-12.420025572999995,-10.39317582487203,-8.425875084663083,-5.621700123873828,-3.305640857746387,-2.1021580397363544,0.49738613130104176,-0.28907276293690265,-0.11408513675627863,0.022463157102983685,-0.0900449067424717,-0.03756001828524972,-0.03531657781256221,0.002901840341520995,-0.06788533106567748,-0.08014910872754888,0.181679335238968,0.1989810000298351,-0.1655486284363281,-0.3724067365401493,0.20103910078642295,-0.1427871894320373,0.0734445991197443,-0.19331790760344927,0.2361961211397341,0.42308305764601245,0.06895390973158382,0.027417476081855824,-0.006788062927726254,0.15880277004772006
-4.136741765712318,-176.30506207304413,18,-164.22812285349076,-11.630541873043848,-0.4463973465095142,89.06211489132376,-1.6780986991478408,1.5113695110529577,-13.494475248745372,-11.649366521247691,-9.432178760797788,-7.0241776834196825,-4.8878906080971225,-2.9081347362750716,-1.2071302011788703,0.6720167255586359,0.10264433216264959,0.16801608755539144,-0.07669615886725065,0.06850897548315849,-0.06387889048346766,-0.1411660276880464,0.011339006371942208,-0.12088559003410057,0.19355036918385,-0.1117967371799117,0.07202321062556571,-0.07302202529149661,0.05905073208808856,-0.06110816649584172,-0.17109037170616886,0.09005723066523853,-0.01782102376452153,0.060389060630830646,-0.04683512082210389,-0.18169915754280605,0.1799681090809002,0.128004982838625,-0.06755282681052484
-4.771057461499993,-197.67991670461043,20,-188.66211858425825,-8.601815236280022,-0.41598288407215744,155.12962803769494,-1.6580191812627745,3.3213213011190703,-14.7193185788434,-12.895403661654534,-11.461586612291049,-8.482235565828583,-6.020865768152811,-4.350406456097368,-2.0103044979764393,0.15192418051664114,-0.013756705177954066,0.13207933527166682,-0.09277933758213329,-0.06950626298135651,0.012321287798332307,-0.09308724673596165,0.10434021234527961,-0.04955870424888943,-0.14182896845186982,0.06707223727832543,-0.19554318461747575,0.2780081969658583,0.21315086733425664,0.052800734335378546,0.04017606607021154,0.03314262547012102,-0.09758780509060981,0.020372859649352596,-0.162693478771451,0.05134917556325343,0.10595345425192056,-0.08093650235027391,-0.11348885632598166
-5.842143689182941,-212.47688121330916,20,-203.29000868323809,-8.800206732577989,-0.38666579749309266,103.47217800027359,-2.0722620426769525,0.19655791155659808,-15.163715302073495,-13.879005183338249,-10.878112712376929,-10.7698175065355,-6.596787227089852,-4.479154917465915,-2.5338734953454876,-1.8481026907848268,-0.18671416230972526,0.21385067642231484,-0.0821922136888705,-0.03465346401503227,0.04018072913682004,0.03748853782095139,0.10714140573962168,-0.061742096588288095,-0.17564279938317576,-0.2018924049583862,-0.09173089353896577,-0.1476201798137324,-0.050385114408702525,0.1912942130014586,-0.06143433949509213,-0.0614902378127223,-0.007302425050907059,-0.06568635729434873,-0.014951293970267895,0.07628777475966318,0.1278700496019583,0.14563937134831476,0.30368522449711416
-4.836577388014993,-214.37628949773,20,-202.85981869415053,-10.962496267647012,-0.5539745359324594,144.17689148577654,-1.6659495241216438,1.5878823575637955,-14.327133890403752,-12.718779832995475,-11.815531822263036,-7.758917105526216,-5.543062277311938,-5.074547709661865,-1.8917239932220786,0.8577181727070986,0.04069662330547795,0.29046454158200863,-0.1611795648293342,0.2689854417433,-0.10176370175332626,-0.08701013323484305,-0.06268817573381875,-0.07750040029419741,-0.03183123411141227,-0.13171149399365362,0.07978703234031806,-0.12763254881356467,0.053634266117546,0.1844512493081769,-0.0982726490915487,0.07445021907648887,0.039166599715089956,0.29322573871257473,-0.12043187834713023,0.07455344890047985,-0.2886089573868707,-0.11908605523090968,0.008301632019148457
-5.040559477079344,-253.5209880813903,24,-238.691403910021,-14.187588008070126,-0.6419961632991691,107.8056667782202,-2.0946038297478387,2.4037195879778963,-14.425478820350772,-12.479671808642442,-12.078471631313812,-8.247216665190008,-6.578182854837745,-3.8283449984343836,-2.055335890719574,-0.05050028222377656,0.2238837754328867,-0.1689802246782109,0.1328233761805861,0.005426261596975689,-0.21331936793942732,0.04214780696173803,0.27128396501615126,-0.153153618917323,-0.0015808772361079974,-0.1330860676265154,-0.05537765971708284,0.2297353015981145,-0.02581889125428785,0.22514464069671855,0.1812678872591575,-0.03950090695324767,-0.06048013902151534,-0.11949004095275577,-0.12472239905959111,0.067890889245596,0.011941982787174689,-0.07863103516996146,-0.21740465824907226
-4.7661026233684245,-208.4116074333142,22,-196.9868191303344,-10.840094929255033,-0.5846933737247664,128.4033856645608,-1.7103482815638897,1.0373488616581594,-14.445650698663806,-12.709202166047161,-10.492526977600109,-8.615143194361377,-6.997378547532135,-3.7678901721970752,-2.3119749260608518,0.13350144361120847,0.07051519732941097,-0.01584444470312077,0.02529372781876511,0.10028765646079146,-0.3206820470521003,-0.1754028084002895,0.39905484367685745,-0.02140319384886344,-0.32302658320355015,-0.16290264477135868,0.42725848745229417,-0.05086123688439678,0.22844066889065273,0.07275608190666,-0.018156673468766454,0.1709052027705431,-0.303065119147364,-0.16158151082241118,-0.019264269664854908,-0.146847277584362,-0.032528286119516525,0.18264533900850338,0.07440889035647635
-4.631938824665371,-210.54041553750923,20,-200.31429879704893,-9.721591778086367,-0.504524962373932,106.31807615085752,-1.7513541110846125,0.7715537242080959,-14.488451845438405,-13.53169050359095,-11.276898990789498,-8.353236684398544,-5.833228512086972,-3.545633975055077,-2.5704532154604673,0.6863769175410361,0.15694959957859628,-0.013336663095080446,0.10622616897633688,-0.05225350076711674,-0.1311842782518095,0.17944225258344113,-0.14904549893825214,0.008933767720802802,0.07269164873582887,0.08358094992278639,-0.21745935628084503,0.11514960512639777,-0.18948624266393263,0.07896259255465694,0.03763306490952274,0.08015164351914267,-0.22339348391269623,0.04554650566231663,0.12019609571338366,-0.01363358827358101,-0.16543545768852863,0.09531918640135642,-0.02555501153272663
-5.389850940329939,-237.35428828605242,24,-226.6014813102957,-9.996372777610647,-0.7564341981460694,134.9567283284673,-1.6185763546009395,0.8033082818829371,-15.512385749488107,-13.688572420021035,-11.42841258264534,-8.560350845738427,-6.681419476358583,-4.650411964666565,-2.410960213783132,0.07419794797815749,-0.260079611096148,-0.1433413908694927,-0.08785715120603974,0.2169597716239548,0.19061449142393846,0.19013230813650772,0.025941070130586295,0.1281262472448862,-0.18002988282487725,-0.007892506763078,0.058831933725445776,-0.17014783011836168,0.02257384192428679,0.24408290634865798,0.07490249616210033,0.1287188094776244,-0.37677401003683303,0.22478235585094497,-0.03683132368481911,-0.12421591863250002,-0.035108649293483195,-0.23166629526412832,0.1482783377408277
-5.421948180171963,-209.37960935950989,18,-200.50575251142257,-8.488129436416695,-0.38572741167061675,116.47021887139122,-1.6810166504895174,0.2104310562799323,-15.470497963873624,-13.251931594087702,-10.567148524388775,-9.159170063732114,-6.541449311103051,-4.95951470622282,-2.7727389937349978,-0.47397305857178146,-0.05966271472750619,-0.12014797811534768,-0.03456161616469203,0.15834899187498389,0.010365403805745821,-0.22080742174145732,0.06039376814972506,-0.14870034945983102,-0.3327685110176597,0.21504772559613944,0.05923112491271607,-0.021093955881949497,-0.06119478351594207,0.2002085687985601,0.4537199162183235,0.057963721473540196,-0.16379855866061868,-0.03252318414163368,0.0552325445026701,-0.3617826023602171,0.04082152395528039,0.05611041311252455,0.18959797338664577
-5.075266929129891,-179.95922521722272,22,-173.13663575406443,-6.1329147411400164,-0.6896747220182923,127.01669319311564,-2.221216187455649,2.579763701848556,-14.81763050263651,-12.335318804997215,-10.741280011646218,-9.396613956220234,-6.188115210934352,-3.134060127771323,-2.1637896564533583,-0.929650748719681,0.19097995422306907,0.024337282910541443,0.23485699485416475,0.31301320672292443,0.01185417715378,0.07038952063727336,-0.25743314409947543,-0.2099845304990522,-0.1180679882343168,-0.058881286810446985,-0.15675699484359926,0.0022621470705247127,-0.05439491628408175,0.1682957435680533,-0.06355458795544519,-0.33534623336521313,0.026524134747424037,0.00553175520541014,-0.12164602334356303,0.021911441391666564,-0.15362822936683923,0.05713745191061241,0.4026001244065887
-5.482778835947487,-224.303293991866,18,-214.69095299895054,-9.172250325498386,-0.4400906674170859,120.22596572368492,-1.7706449142204936,1.2363061265548734,-15.397952391212062,-13.341427994682265,-11.240618971914396,-8.581502457387492,-6.222212871351053,-4.426700249061232,-2.6921650211401635,0.08006055623732788,-0.26086407443703,-0.06745956655238913,-0.09149902171838548,-0.055012236024146635,0.16296543343853104,0.09140073039683858,0.13729172188994843,0.014551072212024625,-0.18833815149274374,-0.15722605769001202,0.12191570261897375,0.03560153126097948,0.19900785741081067,0.05396606198600446,-0.16747550250083382,-0.06830852562848834,0.09469886895142436,0.11652662093477875,0.13824304132218812,-0.14730187048179405,-0.17017777841255383,-0.018493631463128202,0.2259877739790031
-4.924755460944703,-228.57916298568344,22,-219.19789264227813,-8.864463264484751,-0.516807078920553,99.51502820274516,-1.6733001310425568,1.1415782881598155,-15.671670281551823,-13.139926378454557,-10.941355064531283,-8.511659356339242,-6.0999595582727135,-4.310826220827631,-2.520630501052983,0.562669681403362,-0.12969510639184817,0.04263092531950051,0.04264431257019931,0.08850105417994654,0.22405117982158607,0.20867110544427045,-0.11480573334657121,-0.34029917446694646,-0.12739425857535686,-0.014264014163560141,-0.07986164992349401,0.26956998316857483,-0.02279781262317805,0.07244192376778363,0.006967288176456081,-0.07760983579426875,-0.3143366099650454,-0.03740750405186823,0.4625822357024735,-0.2122836182463205,-0.2978458149267791,0.2648435371146911,0.0856975872097548
-5.0567106256731975,-188.07655463577373,24,-177.901435630997,-9.703636537241701,-0.47148246753503464,127.56160289535802,-2.645562194474353,0.19927845946413902,-15.174438986775545,-12.862789022380538,-10.495462467220959,-8.608700393140296,-6.463646206872482,-3.827188201169569,-2.1238830312451515,0.374687867222047,-0.024690099664977625,0.15159799761156556,-0.1775283731869076,-0.06879229588069086,0.09047003579163038,0.26375007342956625,-0.22808472894198434,0.13930708704056607,0.004472777382654496,-0.028343921629080688,-0.05396246508170382,-0.26050007484768356,0.09166026798846175,-0.1701434347924423,-0.21475668711884516,0.08001576209155759,0.06556702202850867,-0.04095306920183373,0.10912846137825305,0.16108740547837416,0.14343052993033797,-0.1320449277537901,0.09931265794846372
-3.683235889693938,-195.51751448405875,16,-187.3151940747142,-7.655128435215515,-0.5471919741290141,112.45143771501378,-2.137022178615515,0.3530331420304922,-13.410902167534744,-10.531934974743338,-9.192814895045085,-6.935677826047122,-4.560978961267183,-2.9371412954331393,-1.1450195809158008,1.0796913197443336,0.017876629497550985,0.2450166484241098,-0.03242876756882229,-0.06734026273399592,-0.10593904865517784,0.014523667006586976,0.056139303010069246,0.059024825310344316,0.03850636391803217,0.08678603477322458,-0.04725079251590606,-0.14474681446752705,-0.15784371666579353,0.1323881471667739,0.05667882945049715,-0.2922451827712949,0.15064349689124473,0.26819575483165187,-0.12125704474252626,0.036554489812659824,-0.08488823117360028,0.08037652169192866,-0.18877085049003012
-5.512545444405433,-148.19357504272486,22,-138.7780957124348,-8.937199978079342,-0.4782793522106935,135.67969189511416,-1.6959430543908334,2.6723118044152754,-15.744798907156676,-13.844853785646649,-11.067928574090207,-9.398732289858547,-6.843690462375938,-4.877596951975037,-2.6762133339088328,-0.2345171204910047,-0.03008377132517529,0.127830196439459,0.16598983813446777,0.04460745007759512,-0.07022371824181906,-0.25825708541189946,-0.13299937944625043,-0.08975793347357525,-0.1240269902556003,-0.010433977513315885,-0.07065008318605093,0.006451283089958279,0.16102717239679135,-0.08033625594476242,-0.2267969693484919,-0.12462306247908943,0.06817134773563259,0.08232464498254279,0.04154585679207694,0.1757436731228442,-0.047321383241906004,0.28845799944104045,0.10336114765552785
-5.39102391314992,-235.4203796136454,18,-226.37140321516225,-8.501788646071352,-0.547187752411787,116.46210287773985,-1.1453537526351891,1.742484532880463,-15.661973475344192,-12.92872124732439,-10.321655694116158,-8.790897943102612,-7.210643184357583,-4.984247204534104,-2.65801250639962,-0.6884690616847027,-0.3906142613002161,0.25800765372550044,-0.12713913228939275,-0.1672063191875741,0.06647452570589958,-0.272818211619516,-0.11641152546727647,0.2214736403245966,0.07134149608059091,0.10974482637184849,-0.11062773084365557,-0.24284664061424996,0.09393147362802565,0.12744728266725808,0.12065786714313198,0.01926924374864533,-0.15715137728984507,0.353574297439925,0.05987697567859186,-0.03817413700740965,-0.03750852639153963,0.010348480941998592,0.14835009855466263
-4.788028465104533,-192.52995961577594,24,-185.59225515923606,-6.382086341959675,-0.5556181145801988,118.84854136457501,-1.587549906935633,2.433200663940085,-15.283618619909559,-12.567967683766545,-10.612912845253147,-8.264596594754076,-5.623406187568318,-4.191919167780999,-2.523595610301831,0.012525288768691162,0.03770653962320891,0.1380392941445156,0.03197197431137213,-0.007590762593166099,0.1054498801266494,0.09975522617846048,-0.016182796736882228,-0.10311872252974785,0.06052165833845622,0.021014621471780102,-0.07396843578822258,-0.11709775125312849,0.07083369771155947,0.09177657968154519,-0.04474249607083807,-0.07772823425954782,-0.11527595722818754,0.06660056199912885,-0.11133423991871946,0.3454325064805006,-0.05227989426825852,-0.3545198205534991,0.004736571133020808
-4.563647451004742,-203.81793688765111,22,-193.6821818569537,-9.5460313975613,-0.5897236331361306,145.24389696559405,-1.1138110065112024,2.331993951863864,-14.17843484244642,-12.082405172789121,-10.018613341483672,-8.447429384014365,-5.616267570559821,-3.360912197700495,-2.054215408806872,0.41556750022399613,-0.03973165714862596,0.13798114995282268,0.014442300333350047,-0.15385191269177592,-0.07173541620032206,0.020336330571842587,-0.3534837727223672,0.17201662498276205,-0.1534521180465053,0.18377993796633696,0.030093135993182696,0.06566248528329058,0.14363688022438525,0.05719317272806917,0.07215629727181211,-0.05343910124501278,0.027048667045008704,-0.11690130742156704,-0.0802883001140007,0.2659276220195307,-0.15000567293336883,-0.005629066180363473,-0.011756279668484162
-3.856387008521354,-209.70371584754648,16,-198.81437431893607,-10.541924524335478,-0.34741700427491684,155.72455191761927,-2.1991866950884744,0.6995037755416476,-12.846186026680298,-12.083467003895905,-10.42321605742893,-6.736363362717526,-4.716656051240503,-3.370584956024353,-1.0557400423125396,0.5311454663841698,-0.03870477148573323,0.08506853976695232,0.09636671319259409,-0.13096447819075022,0.02311190601336935,-0.15444670153446688,0.12619069202898178,0.03438149583578044,0.020257882288949734,0.10676310161224711,-0.03341814428887349,0.14501169316411733,-0.13435833163203373,0.21968987711556576,-0.0747282781018414,-0.24651846087295148,-0.04137183698802313,-0.0583868303067447,-0.04250269864111883,0.04265560160398407,0.17258475341462753,-0.020847487803183875,-0.09583423619144849
-4.188539750329313,-191.3604859923931,16,-181.78975563010664,-9.107421303996164,-0.4633090582903026,131.79050933568124,-1.8749047538761785,3.443878182923175,-14.14406361402446,-11.46272574978647,-10.174127885494165,-7.321417332364738,-5.385249250205526,-3.1853455906030295,-1.5735514834796394,0.6341481582039399,-0.19346258951994727,-0.09470798637373434,-0.30765429356493057,-0.13325053170483184,0.16212751670195025,-0.14798444836414112,0.06982681144266809,-0.20845288114865115,0.24118381721920543,0.2511604422823288,0.06417266580660377,0.27420732256915054,0.02888837856177165,0.0907969994450557,0.1648095138323525,0.0024772002873896977,-0.25733718691513685,0.09386393560778197,-0.09525950684239723,-0.08411004082069667,0.02020366979442579,0.060461564280227885,-0.0019603725764449735
-4.588133461512429,-208.80107283324602,20,-200.5945071537478,-7.727515365761475,-0.47905031373676416,115.69289853864922,-1.5971323502369408,3.0597860764809837,-15.51151967874813,-12.72861102491034,-9.720676446782512,-8.624228129992137,-6.40685571701231,-3.5537528353731536,-1.5296064583730247,0.756798163385721,0.014892946128320803,-0.18649505440430497,-0.08687205350376802,0.04689633327235512,0.18545219217023187,0.23849885405070578,-0.01551998188611578,0.04553498971656561,0.21677039042700316,-0.18109188980529967,0.013988493611611988,0.03478495812764641,0.13671273111623616,-0.25103769137570886,-0.22137735186535304,-0.07725915262956962,-0.023807334947030176,0.08796310876479563,-0.0028349179234348487,-0.10317846881181807,-0.017997267581854395,-0.03530981285410777,0.18128598020289274
-4.853470377177214,-248.31222686444303,20,-238.727524199692,-8.997146485947837,-0.5875561788031961,114.38008007465784,-3.1631758567498887,1.048986846301572,-15.435080647222415,-11.428584259669899,-11.175632778546554,-8.34777529173875,-6.361369553682936,-4.732505421574023,-2.181432231440981,0.15818342326572118,0.03415938614337424,-0.04815196742479018,0.07675189911886883,0.03908334250887419,-0.2263384587431064,0.006962735364769046,-0.0058001922028064114,-0.07227023525880305,0.16464803775154022,-0.108541394883705,0.07765333753677517,-0.0128680053684652,0.02546479545511176,0.07107848826497443,-0.1868256129755558,0.03805967836831181,0.3526526680650754,-0.22420395727371423,0.0006693500507686575,0.17779644333166736,0.054553431801133936,0.11250558742549938,-0.347039357055798
-4.551684808144527,-225.349358237969,18,-216.9471505622529,-7.878722842357179,-0.5234848333589308,107.7198452202213,-1.244598390942737,1.3545642394879058,-14.876671414076263,-11.94021585451996,-10.346783395161475,-8.793750715082242,-6.693319003050604,-3.5343165485530856,-2.4379273423518377,0.6065282283800146,0.06093528297209816,-0.14305535415743417,0.017679469465077584,-0.03321733285881805,0.31294783115185054,0.05320217534248692,-0.0456956976118123,-0.25525603711042755,-0.0106300879449099,0.09468220852962898,-0.04088490699527788,-0.10465057721301056,-0.1146901227993422,0.051469092095903696,0.08510606767397916,0.1753793940757734,-0.1780521072039481,0.050094510540248105,-0.04705771638507448,-0.04263725391738648,0.03147175488270586,0.03234631482134769,0.050513092646341615
-5.305161008673667,-184.6480036289943,22,-172.71133105359363,-11.33794965463337,-0.5987229207672925,110.62142724669665,-2.9304549404273232,1.2147743280447387,-15.082833415840188,-13.659981547778534,-10.574077681071936,-9.735486391983054,-6.585502970245817,-4.611304261185958,-2.5075171393962563,-0.8941093301639534,-0.15873711991572653,-0.11258815216132384,0.22276380024129755,-0.03320231120848104,0.04578571861632942,0.15808350572012284,0.06940001976776777,0.08186195355945086,0.13407021080020848,-0.31761600522090505,-0.07360896436043525,0.07017442838858372,0.20803020497229358,0.009797892862010903,-0.12682391034976934,-0.12282934852793037,0.13246273943160608,-0.03278247844513804,-0.001196447954905531,0.09213808797949283,-0.4353449934903919,0.29993868563985715,-0.10977751634401425
-5.1580829484048865,-188.8447067275959,22,-176.559421923912,-11.736168450808975,-0.5491163528749458,115.89585384744048,-1.5015299658607986,1.6906370096971588,-15.626593950604848,-12.205824793037443,-10.264791158254724,-8.35846922557156,-6.1167303252114715,-4.020790461783538,-2.462618197405133,-0.1342811724977108,0.04734965136236981,-0.24464535608310659,-0.05232197061942158,0.19776240289609856,-0.27636588100854775,0.1799892090197052,-0.029995218493523584,0.08413386197436283,0.10968785796410063,0.07727242086497288,-0.1186834018032899,-0.04362317603891949,-0.2081742306462883,0.08482864567954601,0.2663674690437229,-0.2626069370601353,-0.10318768997937126,-0.016207095441105938,0.037060409498367204,0.142935641156498,-0.011770801112315942,-0.03633461302551351,0.17652880185179518
-5.741212123429457,-219.17337126265753,20,-207.46238379300726,-11.090075230694183,-0.6209122389560986,149.4637945049235,-1.656584104728677,1.0458247721794474,-16.47746631244996,-13.643202793976076,-10.863790712945578,-9.642994318986597,-6.658212949657273,-4.981133539796862,-3.5767551991214654,-1.2948718801026127,0.0943756029948272,0.07592296429049622,0.01195362467354856,0.14254909957331022,-0.10337014074920856,-0.12382787439258029,0.10699141596573004,-0.2486791274517048,0.008903194380804495,-0.052407484904045384,-0.21578694166261198,-0.14461386902210827,-0.021270145908970972,0.1501707564101848,-0.10286743075334023,0.17708347792108042,0.004553152068808876,0.19163397326082707,-0.09559747338167583,-0.012245170280473873,0.05034880843588077,-0.03185030147589535,0.1380298900071168
-5.114423758119508,-202.80390890690808,22,-189.92805871710365,-12.53476460302467,-0.3410855867797449,117.04167493719714,-3.1697965012574434,1.3227823226522264,-14.654772323265629,-12.695304572633173,-10.77782743591141,-8.822868236672052,-6.437711197876644,-3.95998991920717,-1.519354260733008,0.6474183416007944,-0.33009161730069886,0.36440377231133203,0.12970913254211527,-0.024986832862411455,-0.08180530954376067,-0.12892015022444217,0.09788526261830154,0.15029019181169406,-0.023335977726643937,0.16709150343961637,-0.13504606552132736,-0.1615286860051844,0.27304412227967334,0.08970923352362242,0.21057017176484016,-0.1270480147653129,-0.13748586727246853,-0.05274845642579033,-0.12256588473801076,0.10684772302710863,-0.11162596704612583,-0.17470753721725257,0.022345253331125838
-4.518679355000149,-154.67633052198758,22,-144.32123907020326,-9.779400842733157,-0.5756906090511595,101.60920493702847,-3.144530628466499,0.8370735709297643,-14.3326994046209,-12.461788057325267,-10.159841065376437,-7.82904774780118,-5.688217311649032,-3.150400322144383,-0.6036586368989638,0.3786933301928078,-0.14206580859074022,-0.2184874719382666,0.07142070286223343,-0.21095088866848974,0.1677240272273552,-0.1578679411548776,-0.28466895017992033,0.0073626202619226505,0.07312129327751445,0.12515337733533285,0.0772344726354198,-0.10746477538461957,0.15839129492203238,0.1954528937550037,-0.12943220148528903,0.024281196984099696,0.01026611371668884,0.08448935520124684,0.020693549016925446,0.041250451972095266,0.14770444731929544,-0.11564584715712822,0.1620380880721654
-5.104846218418499,-212.07129461732353,16,-200.62373596333688,-10.860050771699832,-0.5875078822868117,120.62497900688074,-1.283759041273747,2.237307774683078,-14.026903764006267,-12.375869452182158,-10.869543427796817,-7.92699237041453,-5.690593496280345,-4.620708226229708,-1.381595735032817,0.43269519209948304,0.16105907146715662,0.23500941076079923,-0.3316159368831349,-0.03754608682981372,-0.3048759244155694,-0.37537039172845454,0.011503118878590764,-0.06998360719008526,0.03486680450308097,0.06280831525056635,0.17707355545365708,-0.002022774466664018,0.42839250433533216,0.035850639985250905,0.2662610184225507,-0.36003650834116824,0.19235009117006271,-0.03722491173186506,-0.3023629271766217,0.05297092812168695,-0.0555541689601786,0.07689714900469032,0.14155063037013071
-5.387021465373252,-208.40380471590137,20,-200.23166639563988,-7.539577292711243,-0.6325610275502588,122.67192638641596,-1.3926389701567259,1.5509065922948442,-14.202741901383655,-13.45618361351586,-11.278020551526964,-9.971781101673493,-6.529995933660699,-4.485110123278179,-2.8113754439982275,-0.42794683111728077,-0.20628973844779422,0.16932062643471882,0.01805470169955268,0.22000895527043604,-0.013689455283235067,-0.053478554813267985,0.021140885169787894,0.03236188502342314,-0.08233494115731513,-0.057362930576847375,-0.16694855111062323,-0.04811398440208401,0.11852928806608201,-0.00352034701947641,0.1684425734735444,-0.01073164108151587,-0.19764492059205194,0.10667401219993261,-0.08396069208856519,-0.017922314248085006,0.20271858618906274,-0.1570477898917819,0.04179434718610293
-5.179889072645993,-209.34759516826264,24,-196.18802589770954,-12.58244872439494,-0.5771205461581714,120.53453189775684,-2.4404318222441304,2.2612112503543633,-15.83549957773355,-12.437809453373008,-11.139024524195863,-7.204293136264089,-6.696261151572939,-4.845412778884435,-2.528902774870567,-0.8858695609181191,-0.05722466228993489,0.053991947530999354,0.07712609503773729,-0.011571059147232249,-0.10520310677162606,0.019858965819327945,0.1492014747871182,-0.05524040073052121,-0.09123532694802008,0.007078628865632437,-0.04533785672912434,-0.251803323372236,-0.0152472897249439,-0.25316127109913067,0.005025187176700724,-0.1707183184455512,-0.0456156891566142,0.007442176145319369,0.31693859210696956,0.06026558448347255,0.1535729116767841,0.22961526301952256,0.022241477765350584
-4.637958374237061,-195.3001297981108,20,-187.8604858086275,-6.8901546467267965,-0.549489342756528,131.99536833877812,-2.440939447522032,2.4777626769663494,-14.39682242888559,-12.705051081269481,-9.786617693323906,-8.34676069325284,-5.374308746965666,-3.5449447852928273,-1.7665171287350314,1.1521579194383496,0.00022207902997953277,-0.2026395573340327,-0.06012588087015949,-0.1510945504554797,-0.10279021852875825,0.23796811541876994,-0.025438164630101876,-0.17401632766751662,0.16354862719359534,0.10065993042551699,0.10851663287995916,-0.3435509214754595,0.2496692526481225,-0.12640860232418338,0.07406182490881295,0.33593857758245443,0.2806685212184923,-0.18926570983100335,-0.2593089915604413,0.17192059881708885,-0.02132301927100037,-0.1177636072054123,0.0505513910307568
-5.127882318479471,-219.44537228120842,24,-206.97802365545502,-11.962400670475098,-0.5049479552783198,121.0350826703855,-1.7436975138118895,0.23945885126931765,-14.651735587960866,-11.511918762290717,-11.046895655254287,-8.661002837178811,-5.772099241545435,-5.185365510111313,-1.6122676797203321,0.09176906036126456,-0.0652905725489977,0.06433998462722998,-0.03081136475727163,0.06749955331914348,-0.17503853930053984,0.17281066603981365,0.0637848696797842,0.05608596948045432,-0.20850912498188062,0.21408622656655546,-0.042916050835021785,0.06834869343439462,-0.08928230549207285,-0.0017252762277669767,0.0037104668878290906,-0.4638482757305947,0.046508582768143104,0.2539425833282311,0.040108402918712004,-0.18451487326354227,0.0566355989930015,0.1180634435959193,0.03601134149847649
-4.575039397968825,-200.91840666123474,16,-187.8774127380183,-12.4764617022967,-0.5645322209197486,131.53091238220992,-2.006372075244184,0.8835822313327175,-15.01914477569245,-13.113702084387244,-10.625569848819682,-9.288877755560181,-6.248380548386006,-3.549475517011821,-1.9560468613103816,1.1191169527480787,-0.004107900150576873,-0.029311218059659895,-0.029935297491091348,0.1116777009656116,-0.2040574334450145,-0.048769808314381276,0.24635263926557197,0.2521404558005061,-0.2147108973563196,-0.1627008758756116,-0.03358192111526081,0.14089959338108252,-0.26710998729401886,-0.0012101294236919816,-0.06411570767301704,0.20590586695671476,-0.2445251052814584,0.020892258137973067,-0.052030249788359344,0.22748100475552294,0.09665906276691716,-0.08086118307473049,0.13501913231329205
-5.655662112875555,-251.1939556311969,18,-238.884591874992,-11.649302655302145,-0.6600611009027634,108.29484968913428,-1.472802392075443,1.000776565087565,-14.82568831151291,-12.874982728705524,-11.254627372029086,-10.389430320547362,-7.436082287463287,-5.012395661977035,-3.2454530804851025,-0.7254148506188401,-0.06679134300203893,0.14143244168021019,-0.044028563638589605,0.1497329718095616,0.05694527826333461,0.48060664709796064,-0.016401415818153527,0.0489623287374644,-0.08038072626314254,-0.00806421389253607,-0.41374228512816896,0.06137058747540194,0.1929641169366589,0.051027485684150276,-0.20554623370235944,-0.12873508791210303,-0.3729958340791934,0.13837158602406074,-0.1594440089121899,-0.012773303537587063,-0.03152765085483587,0.2146920403429871,0.004325182689107908
-5.435152477280537,-200.02092203718507,22,-193.27202472427496,-6.097439828528492,-0.6514574843816238,146.71094157217834,-1.7602095377834566,3.5570978877510266,-14.630118742933847,-14.115183599181053,-10.243592163506737,-8.56421783783204,-6.729615501713118,-5.077675040865206,-3.0149847928833924,-1.2482613345749072,0.11817077826718256,0.07880640487343045,0.200748553245491,-0.03903171392416271,0.2772791398269586,-0.3010124832086161,0.1254578649514665,-0.1331561010483387,-0.07707559266571178,0.0822489802864364,0.08104714772844251,0.0878010423047918,-0.21108685136450459,0.21419137494316715,-0.13826022748287026,-0.11825622328249877,0.0925213509763054,-0.04617133596290499,0.043075966335654865,-0.32665326424363705,0.03948550767916582,0.029511622178113366,-0.0796419404133614
-5.253321609815762,-209.49960808952633,16,-198.98740378169668,-10.080170274746006,-0.4320340330836581,123.78719682515377,-1.2084846030217324,1.6192042935202595,-14.394938869658569,-12.3416586869216,-11.670749638393117,-9.101064178697435,-6.465320653771236,-4.688790464616153,-3.3555161311888133,-0.5822079900936061,-0.2998476923808165,-0.02065753763833878,0.0056576226141099705,-0.04382064696567234,-0.2641624680809727,0.2504738026814393,-0.08456552760775403,-0.022066997854533206,-0.3501574465988416,0.250492003888633,-0.058718788176206495,0.026033124145032283,0.1793743183063996,-0.09018192912359198,0.15575044969188354,-0.2979351168072693,0.0939117002195989,0.24710002656184984,-0.07579882549880256,0.17909594462866174,0.28635209941296946,-0.026962574124200958,-0.03936554129357721
-5.654975343606237,-213.80254738968864,22,-204.3491395380805,-8.941128976692394,-0.5122788749157515,126.00328455610557,-1.5149611110431367,2.1500484770904515,-14.679458194596227,-13.807107495956316,-11.450994726243055,-9.798992627052499,-6.789665279535792,-4.883113729808231,-3.1688423572418687,-1.3073030415099496,-0.1685617402137934,-0.11027720161671782,-0.15612166187984083,-0.16868434310303188,0.14600761616775565,-0.15230658213218673,0.0049606088689956584,-0.028082663056512122,0.1908965060467206,-0.10929111314719983,0.023354528659200527,0.08484277700246858,0.18964476275913938,-0.1114806800957378,-0.12650154864880483,-0.1930848364329557,0.30162726478828833,0.17385318738811034,-0.04014788748575428,0.2558981943301107,-0.04909718749379637,0.07484389237608162,-0.032291893080539695
-3.528168291759358,-220.3080411193402,18,-209.5051469680095,-10.36778347545604,-0.435110675874645,108.23232159280046,-1.6396134754297114,0.004553415419609186,-12.82589660475392,-12.188082852222754,-8.990546158250295,-8.176536485543716,-4.603133878824596,-2.328733133843614,-0.12363357879654358,1.391227473955708,-0.017822409635051994,-0.03372901101759061,-0.1412410334041201,0.08638155331518027,0.029899635254962503,0.07666096162759911,-0.029459149572720743,-0.21347870966419277,0.17891468258603266,-0.1168766624327365,-0.022883173112360468,0.017813976425717692,-0.02387996996497984,0.05981932578691848,0.0835134609498521,-0.11121825285470985,0.1663268738957244,-0.11752876052181244,-0.026980870065504405,-0.1356449549382574,-0.17851425579524116,0.07913543592100711,0.390791307216284
-5.548132897640678,-222.7895972676067,18,-212.18746751768828,-10.180157266360414,-0.4219724835579998,127.07740486899594,-2.176062360151837,1.6145723619980172,-14.75613109485883,-12.2513799072855,-11.423230179949375,-9.345063984134214,-6.9021156960396395,-5.072687256302068,-3.0029251385028806,-0.8165021677614328,-0.06138363357708198,0.1751785858726774,-0.05600634723406356,-0.008692396857435097,0.25651791550571634,-0.1681499430903303,-0.20784351062250284,-0.020199447643506806,0.09242875386161671,0.062430335423097824,0.04698222602491498,-0.001999853102297758,0.11086135371855346,-0.4441705166357803,-0.11974044609219554,-0.021161511721551604,0.09856056953634199,0.21634512068125053,-0.13988460655410545,0.21144214350145069,-0.07500390070923886,-0.026606117776137368,0.08009522749060759
-4.542557839036994,-227.76707404945378,16,-216.27042193920047,-11.011760106468587,-0.4848920037847272,129.76597585005456,-2.2126606170809224,2.2826343856930063,-13.684679835033872,-12.013759698662136,-10.497316616951753,-9.341548923326707,-6.7433615144116565,-3.5765575834503416,-2.746192952588545,0.6039389246889838,-0.04348930780269452,0.15351374509326907,-0.07369451767365014,-0.07143414459872867,0.14479309722472122,-0.12747255414682732,0.024335468390820417,-0.26207629606075217,0.2599420069024999,0.16797889452883766,0.3995121840304346,0.18775066381027922,-0.18245143034675082,0.08729358311741021,-0.15070521023994926,0.2237017301512862,-0.17817493910331442,-0.1853771285426482,-0.2544756139611816,-0.08626086909612879,-0.11642556962421428,-0.2022512617825684,0.28546746972985
-5.333030310115214,-256.883050122797,18,-246.36136496375656,-9.898512082289468,-0.6231730767509825,102.45347349262366,-2.0258794923526504,2.189572068048125,-15.865812172547727,-13.144270279967735,-11.015387873733857,-8.84416391459843,-6.9588126622259034,-4.832387408633367,-2.836282662440576,-0.09108415149426932,0.06709385263472646,0.04944692915523648,0.2259864110639187,0.02605041698316991,-0.12469028204904122,-0.26741971320091873,-0.13314686067478082,0.21342408825299908,-0.20068866917619427,0.04058083387641123,0.1427005196395634,0.03041347424321748,0.04745924749531723,0.08595233510774365,0.04450387895012714,0.228972874047722,-0.16843201105741185,0.0236754797025476,-0.2851243169228424,-0.3234501799012508,-0.024638906451067838,0.06911868351844325,0.2322119147623644
-5.256893745754123,-214.85220876107795,24,-205.36036703685744,-9.010800216236571,-0.48104150798394113,95.11362617418516,-1.0795284650313959,1.9987195511330813,-14.85429740836365,-13.723522864165044,-10.996993696185973,-8.730031280438824,-6.593579607014031,-4.45922322167015,-2.6007682937838776,-0.11737853302285359,0.33670698622367257,0.17171732687192517,0.08281308793180736,-0.002267045361824597,-0.2559459832054035,-0.04816726458916666,0.16729473896083696,0.10848050467630914,-0.21921189573033914,0.06584207336087514,0.052997148052261134,0.026221744289313714,-0.030440107034497076,0.07357582131373208,0.07833518210896286,-0.12248058854260771,0.04199033547941741,-0.05467104483997898,-0.24934685388983335,-0.11050282898362147,-0.2608152265297107,0.1207522565326188,0.02712163290525096
-4.849338599525183,-185.07683352474717,18,-178.07340420917822,-6.643388980354209,-0.36004033521472667,124.40499035414199,-2.203137364694892,1.5104004051961004,-14.540324244033373,-12.635963128756758,-10.310654395544036,-7.9255904654350005,-7.203380207044246,-3.663320964306785,-1.8209818597716878,-0.4051512633945461,-0.032050365567913554,0.23435142760627545,0.031471862250153214,-0.19341018728205295,-0.044648554914593436,0.266201354203972,-0.07914811765039328,0.06255641942665274,0.13285471979017396,0.10976549879621961,0.38869219595669324,-0.1551722624255121,-0.14019623596694222,-0.15268994095234173,-0.023114537039554503,0.1861798343403459,-0.13348696085649844,0.18827730200456902,0.02654222660213875,-0.1450762778686603,-0.24143226737220025,-0.2078623479584207,-0.0786047851221104
-5.729258460493379,-221.00190103356164,22,-206.7082204814168,-13.748937749719023,-0.5447428024258139,112.66845264816702,-1.869735506462992,1.5492548965003607,-15.328023019333536,-13.785561770648219,-11.57452739293837,-9.55452692315478,-7.006630466945696,-5.407649317463692,-2.4213782883766286,-0.798689754090715,-0.06462342664684112,0.16265869622422463,0.08061248154289279,-0.16509193809738837,0.022049042220482193,0.20848119009349297,0.24183686286916228,-0.08641165201838252,0.10449251417040721,0.1692425547478305,-0.2653115387621011,-0.11611181335929757,0.2937520598781465,-0.08440616680347862,-0.47859345499050765,-0.05739502184335139,0.12944307458203624,-0.03827418476520863,0.06805384173475201,0.10148254936301672,-0.09249136800018536,-0.11715969824749944,-0.01623460389220229
-5.331369156689107,-194.54204683804656,22,-187.2977489819604,-6.778359381214996,-0.465938474871164,123.89882203703594,-3.1224014538536546,0.1453870602321683,-15.513470398433075,-12.812074175024978,-11.205433252134362,-8.428709315436528,-6.2701441098401025,-5.284485361512882,-1.9195961984347871,-1.0623871424400493,0.03896205466757009,0.02040673920513366,0.026568694630457593,-0.09998670396502272,0.12483825274023017,0.10218000829503292,-0.18810603876723075,-0.04607913133480711,0.026257197109004947,-0.0678517341133382,0.10790101286625702,0.002262835459517297,0.037656095646365996,-0.04781117989437302,-0.2866876072835043,-0.2952570320062795,0.10073664823189206,0.05233202770149708,0.07809454718075065,0.032466142537524924,0.04448032673411514,0.15764872227090618,0.07898812208829982
-5.073236403370808,-231.04947434228347,22,-221.6040174008097,-8.944079145947052,-0.5013777955267192,100.63445893652828,-1.6620956349779599,0.7795736918502851,-14.487446139929553,-11.916200664398547,-10.350104898521955,-9.723155297149216,-5.970024972249228,-3.235886206117089,-2.3676093667269655,-0.09058806338575344,0.14107108935407686,0.010653962992149527,-0.060122574269805704,0.014065116131596821,-0.14049199541493457,-0.0720423525286264,0.01157038310416548,0.009582436593311696,-0.031028145192288324,-0.22329301971797105,0.0803961187712671,0.11006894779809233,0.2314882610959957,0.051201086296469606,-0.014846038063117612,-0.16701973963336253,0.20873736721231825,0.022109633339263468,0.013940662881978412,-0.05317374291866786,-0.06276074815706936,0.08817469691578694,-0.16828140659062885
-5.423008508227853,-237.21223886647314,22,-226.1139510808218,-10.735525565306054,-0.36276222034527533,96.59241128425994,-0.8714008594534304,1.684755165110531,-16.017251869191067,-13.124111655960876,-10.502705631242003,-8.645568515581697,-5.280596448155382,-4.692209272459241,-3.3812023347926274,-0.3375230224437434,0.2703628868106024,0.2376770765675411,-0.026561124093278064,-0.10303157694417103,-0.27573279031652675,-0.16116397293584867,0.13603483186921647,0.07384938677188341,0.10059614273269853,-0.25028883736183893,-0.0328242350786143,0.2316390288790977,0.012143997138882326,-0.16429610225681246,0.009807758310350138,-0.08910450481800213,0.07659996692859489,0.029629914769942586,0.10804260754912894,-0.15614043607798156,-0.04075937736297948,0.1901132591466517,-0.1765939002285369
-5.411244684390031,-226.67846243657144,24,-215.01523686135346,-11.095446965918658,-0.5677786092993384,123.10034194501615,-2.4668190546314626,0.9272193544590356,-16.619470566996277,-13.534939503965145,-10.31333936937564,-8.820106431502717,-6.750107706545825,-3.786568781746639,-2.689401773078858,0.2196655220770236,-0.12786554559106628,0.0524958533137401,0.0656107326774992,-0.05072621959648495,-0.019163675580897002,0.10258509104827673,0.15004650707891062,-0.13778199297853339,0.07724918490912303,0.2494036568157888,0.005217447610760595,-0.13937461625334735,-0.14631252950915194,-0.0015093593818490784,0.17797835254507327,0.016487879337937328,0.05098605380081966,-0.1268499955111401,0.17006890176141265,-0.14924752885987272,-0.053073215825814465,0.1170884861218746,-0.28331346793305934
-4.456636488480363,-228.80729291646483,20,-220.50999739440311,-7.9126487092625,-0.38464681279921314,114.75324358564721,-0.4127789314366208,2.051070597626228,-14.391983000897193,-12.123755613893708,-10.779574630697585,-8.269088457323043,-6.583967033473729,-3.7899733133073226,-1.4042924593793722,-0.011655541026089344,-0.024053660660982294,-0.20600886807260563,-0.047665423277471475,-0.10295617427062895,0.26572739068843476,-0.10911601149382442,0.22624987281866288,0.03789501056366774,-0.17036667872329772,-0.000526194324874954,-0.09580929506451025,-0.013824209502653395,-0.15723148122882846,0.20337881188805512,0.08866188050567017,-0.045380597889599854,0.20921938209659163,-0.03900594650141118,0.1144959116153362,-0.044402744985474814,0.008935306107748293,-0.06236365025525541,-0.03585263003274794
-4.497506559648684,-233.74033621316096,16,-223.66079222670106,-9.542042923622919,-0.5375010628369814,88.33950718274733,-1.9088796976716733,1.87342604021189,-13.472917098306272,-12.215596407245561,-10.18289448114179,-7.684106255404443,-6.340542028653074,-3.701482105779244,-1.9987968126846223,1.281833395395807,-0.0013045497811622168,-0.12734410371262112,-0.08704462887782524,-0.059397581312287846,0.007572323680982422,-0.03147118176488216,0.14907055123449398,0.10018341900758407,-0.05633346224316793,0.1803832557784288,0.25406876469695644,-0.33345827307767967,0.1129591839205798,-0.13083195843908693,0.09322787435913282,0.1588513622576027,-0.15843321801594487,-0.30473339369172614,0.09843078439301767,-0.0065739564668203625,-0.2771501419247563,0.3525503469800612,0.06677858299912073
-5.220883011613006,-204.64206406297393,22,-191.00451923022533,-13.068130237397856,-0.5694145953507495,140.14648227161595,-3.286465620692172,2.5938962037775948,-15.750202686311546,-13.046443139102276,-10.770510833322833,-8.594898710837727,-6.9400720267258516,-4.954351998399842,-2.647137740993198,0.04327970549213489,0.05838772559615707,0.1627453824616915,-0.12925087334959107,-0.02255916360931426,-0.2400255674895802,-0.13331954751539343,0.015721719647769875,-0.2919199804924836,-0.13757071227432793,-0.1813173744132739,-0.020813443579564037,0.04407790882718651,0.06919564023385277,0.10769521629410685,0.16369024656323988,0.04895953762989512,0.2409731044115465,-0.02420190223291348,-0.06812545356019795,0.04896882408139022,-0.07458895667150409,0.23575742889364165,0.12752024054766603
-5.042082542590589,-174.18438790830183,18,-164.42151312228077,-9.273860793325383,-0.48901399269567514,100.38514397724364,-2.1927691199839554,2.2666030609220567,-15.11400542804657,-12.501120995507184,-10.517866397178766,-9.751967463068965,-6.346905072743413,-3.2025694443967403,-1.5223051599285657,0.16892403776289527,0.10328175142368481,0.010452931399960287,-0.07038154591847177,0.09593878047892164,-0.17832458798328618,0.22089455980991074,-0.03590547601404836,0.03650603977986703,-0.14570013163523565,0.09918796926164086,-0.07732121213199163,0.0881243483395224,0.10434905014036605,-0.1064047872445234,-0.17778933834334154,0.22052501727543938,-0.03810482531060462,0.024467352200603407,0.06355970849076896,-0.19731498969097538,0.06013995031674081,0.005609010216953238,-0.105789574861901
-4.3814919635317695,-221.51587873638013,22,-213.33886749913026,-7.7112569290506325,-0.46575430819924857,158.59987428165647,-1.3347807183654585,1.6818091273076543,-14.911188028766741,-11.999857962611804,-9.725902707878355,-8.079793875374133,-5.651692362700979,-2.9123750200480356,-1.9529863162597747,0.08935823398866705,-0.14696146275109576,0.11740176716815406,0.19567573620379553,0.053307512583484054,-0.1886508663028894,-0.1320809876016459,-0.03829962142404444,0.26121189614867607,-0.010493664340267723,-0.043766403445166364,-0.2245037849768536,-0.07198378354195303,-0.1584215181240609,-0.12395803966385638,0.044511536998374984,-0.03365569586711298,0.28144310287526547,0.18821944088068512,-0.06481365569698722,-0.11100374128651361,0.23391522532419254,0.27552530839708606,-0.3026183015572662
-5.713239442362776,-242.42948284677817,18,-233.83636512500607,-8.284270682423067,-0.30884703934905716,110.63974906667133,-1.0003413968750978,2.098384347249533,-15.366889779365671,-13.341610981406594,-10.913106008942085,-8.999771107839463,-7.425688402521302,-4.78285740234436,-3.4271598568680055,-0.8383987982292733,0.02338435606598404,-0.02832603371428026,0.10682373347921935,0.3008559310944544,-0.06315284042894091,-0.2996490647293583,0.09630686749261835,0.21795032276085918,-0.036108254757737386,-0.09629990955072033,-0.05613319833642608,0.13698651753991403,-0.05871342872251824,0.05876975752165562,0.013626149831219826,-0.001851229393186089,0.11464956148306374,-0.062331272509400334,-0.05513227155711302,0.12909613997019193,-0.13858308615506904,-0.12257731615312024,-0.17959143123131016
-4.830988670562429,-198.58581535790984,18,-186.8640533767204,-11.25371573907631,-0.4680462421131285,126.02340852188998,-1.6409507258741582,2.3040817298397247,-14.579589055079229,-12.868388636067232,-9.348509366402833,-9.31124829373323,-6.533305277633263,-4.585592873211671,-2.3240202171485485,-0.15248778230286847,0.12751626970241256,-0.015620912501260555,-0.19687763920093035,0.12823591705728987,-0.08316669152538575,-0.1305870791146032,-0.029187151120613215,0.2219731741311133,-0.059079696763555956,0.08646546232826725,0.10922663577857265,0.06665562741189048,0.19082538016206887,-0.10590276798391227,-0.15633559374662084,-0.15928036569281964,-0.021505629584039412,-0.14189236596514976,0.022295769490728846,0.011712895669663579,0.15295062818883567,0.043836278946335606,-0.06225814566828764
-4.012714401523257,-241.8827031894024,22,-228.71801638748065,-12.684014608106713,-0.48067219381506143,144.70423515580777,-1.216202789560516,1.0940501712736141,-14.675924744952754,-11.493506184379802,-10.000547764502523,-7.502356305157501,-5.658698711049809,-3.6438688933806485,-0.3194319263369748,1.4487516895814467,0.06748858047069049,-0.14866790317890302,0.0001400966021404878,0.053771384845125184,0.025258839528307063,0.06812096404618567,-0.09074570255113062,0.17866591022721548,0.2791865422151441,-0.23454022192300103,-0.17647849958734915,0.012323651009445902,-0.032621447277143,0.29032306067170544,0.03882884831945725,0.21474298786468168,-0.3015073831622519,0.12798662230564087,-0.10146632308296008,-0.10387018563716052,-0.03139250415603052,-0.2078263461538757,0.07227902860406593
-4.017482618037268,-234.65764441666119,24,-223.66531242908837,-10.651946281962978,-0.3403857056098366,142.19150891743237,-2.5888927707461766,1.2365352013441584,-14.95158281801484,-12.861694199348069,-9.21046391450474,-7.848837885240216,-6.270595213575808,-2.7803293374813838,-1.075777735844865,1.108302924378892,0.006530536774839821,0.017852128995411158,0.11097794508725647,0.20514059869644366,-0.07663336559581149,0.04952588772779165,0.0218715230175675,0.034565467716661524,0.036812941437218125,0.21649879345204642,-0.09102823850607344,-0.2509370937132317,-0.12675777352506248,0.09151333179763135,-0.018577281935602832,-0.09221660930692879,-0.1835512984941257,0.011116210026900476,0.07459923305839196,0.023804100031724826,-0.06007625790592134,-8.051558806004833e-05,-0.000950263249067114
-5.969955609301621,-194.03201126956975,18,-190.1000869161661,-3.4920297478247875,-0.43989460557884635,149.79204609340323,-2.340130793596954,1.4225391700852714,-15.565185973298668,-14.482087045585676,-12.49999173427942,-8.750907033278592,-8.117110418244197,-5.86678879355369,-3.6240304419316467,0.07001735254363983,0.017202007124289213,-0.18889827521122815,0.01834642003387154,-0.07734200282828932,0.14484025834310368,0.008685263704180955,0.11406935071507365,-0.056519740615822975,-0.05110960820007891,0.21288515438008965,0.0541977457039661,-0.11842971241922094,0.12329363323471104,-0.09124824257254076,0.022602188113368313,0.2642486620705506,-0.22594489070406829,-0.0376198208233406,0.049988213576944426,0.10345221764134097,-0.19743761866249104,-0.24162107284461284,0.15235987024020375
-5.381313482107576,-216.96061770628205,18,-203.30619229107126,-13.089997897193996,-0.5644275180167948,97.1538564167947,-2.839729641000895,1.1195755646685204,-15.134621831901814,-12.755752352032744,-10.997515423603927,-9.253685659136764,-6.49423926904892,-5.445335753220264,-3.0718123510129653,-0.014825892476835079,-0.10268799602320049,-0.10896814370222214,0.2379116834132001,0.015829579707148492,0.016809966649611253,-0.021595684275354736,-0.17822307751410038,0.1067287749065333,0.06679181078621864,0.030677931298290013,-0.012074223394063579,-0.038473714903367914,0.14224674092948733,-0.01581972698353913,-0.004234923282708248,0.08485820572994113,0.03656837209943305,0.25171564112844086,-0.25883078412362054,0.05036034825246458,-0.10046663457345023,-0.13593874771586428,-0.06318539840927703
-4.915670306403353,-225.79337666109322,22,-213.7435035066502,-11.685470192973845,-0.36440296146918083,102.96201753739129,-2.302531537995952,2.3125495560507874,-15.594297921816743,-12.867353898127147,-10.701712192866774,-8.751429879500504,-7.31980097239921,-4.515849037711986,-2.471011637726738,0.16504962524049643,0.09187410535299213,0.09853255546923936,-0.14392373827104604,0.0025096196290549933,0.12585542680219677,-0.047867373536820274,-0.0835453916267494,-0.25474765204321376,-0.015806823175575913,-0.08877218576189416,-0.06391773838578077,0.04289914858877992,-0.006302137400706773,-0.091263489998168,-0.23370404070425616,0.1290188898528743,0.19659627615199882,0.02416044723157186,0.043805839612586335,0.08409377143364638,0.3204897305725657,-0.15148397499313776,0.02149873519984248
-5.660938475316719,-208.42285307540118,18,-198.63297497792342,-9.215916220534808,-0.5739618769429352,123.38995911141045,-1.619040506782167,0.9981515666581566,-15.605693205966984,-13.32910060249114,-11.713217326089634,-8.970978071512345,-7.86751327027499,-5.857605127357183,-3.9715819802571755,-0.9105870951027177,-0.23139595569760485,0.0812477577326369,0.005306229854101365,0.05734880586271468,0.049868373310964526,0.17550622697783044,0.10761993360757292,0.15147618257131618,-0.13293021456223855,0.2058756186685747,-0.08145442200104687,-0.07283044247129404,0.06752637552525226,0.0721877283796945,-0.13387853141256872,0.0009080951562185184,0.2501352864527244,-0.1933504953078112,0.249682875074212,-0.009354778790170416,-0.3237632360929699,-0.1781097711001329,-0.11762164173797596
-5.334123349566206,-219.00215183445187,18,-208.18817661143115,-10.249050495187369,-0.564924727833371,132.59621156846572,-1.8936721188084904,2.5013211771198596,-15.710772461735484,-12.796608400781762,-11.372740357376356,-8.768863747022644,-6.356046489846096,-4.962997173105051,-2.327954387369761,0.16684042491139117,-0.07998756118357969,-0.0021051548599690523,-0.39192018553040414,0.04162249280547968,-0.14466174231490098,0.22218021967399043,-0.026924674177764507,0.15502875969374108,0.18015418092097563,0.17609282045376412,-0.07135917751054119,-0.07327818972436691,-0.020144160959415618,0.10903744024067047,-0.06300245652929276,-0.004287537104705523,0.05464090638474912,-0.12213195497334835,-0.13161440931553597,-0.010137748276766934,0.00972865617657788,0.0786846559340781,0.11438482017656502
-5.068645501839635,-173.19430873886927,22,-162.20904687746832,-10.40040979146214,-0.5848520699387914,119.83158834930543,-1.5660754816684088,1.206421440895694,-15.687726889242418,-12.91336218986017,-11.123948407725006,-9.227319014514775,-7.265442800656178,-4.9496840736432715,-2.181488141820771,-0.8740677296205082,-0.1239211334336387,-0.08087445013942612,-0.10467455348235671,0.2528053998908218,0.022897701121728276,0.043357683938861726,0.04960444425413551,-0.0664122124055373,0.27557871749401314,0.10259228787491778,0.046876869118800936,-0.12485017352047631,-0.13335158409632814,-0.005397840088756663,-0.06406047938366591,-0.11917836217987421,-0.014705413283624708,0.008474085410725203,0.062206102721149056,-0.034649631054030856,-0.11020181454689609,-0.10499984324657846,0.22288419903603673
-4.299339217653188,-220.06027719125373,22,-213.51609468442794,-5.950558003997986,-0.5936245028277957,95.43008946429917,-2.468257008748368,1.8779173142714867,-14.574702729697506,-11.749884871369597,-9.789119450229435,-8.136021600550837,-4.883065439545255,-2.6385352964116437,-1.4291351447404672,-0.5336106755953418,-0.19544985098890685,0.046791146709045016,0.07024575143151386,-0.02587751940999585,0.2574881607261313,0.06757165091950935,0.268749259211052,-0.10534579832187636,-0.10277800951865829,0.07144437576735672,-0.04690604363252594,0.2451636156991571,0.043568859509995075,-0.16437233101315285,-0.2682086593162494,-0.019421986886135216,-0.021054667464630555,0.03937869046161261,0.1739173880287399,0.15418079756444358,-0.09452135288511042,-0.20175910830530872,-0.19280436828600606
-5.022701327643418,-230.44145330104027,16,-218.2682507464483,-11.706519884075954,-0.46668267051601753,127.44867238447199,-2.437762513405933,1.6331321190103107,-14.579477229135287,-14.026832354803068,-9.9989139865691,-8.05233744870084,-5.564166504145836,-4.1782828341738405,-2.3462513540914793,-0.24775189448852977,-0.12288874293742616,-0.06737821934507225,0.033390833705555664,-0.13251362667361635,0.02969030852777776,0.041937534739638405,0.009133095250164019,-0.18166193669112365,0.05780552164617432,0.299821957175789,0.0245160368977163,-0.45532975223690986,0.173763448667816,-0.11778065364412735,0.32748841643513443,0.005086030565674676,-0.26507359123709323,-0.32207311063303223,0.2185926272621624,0.15351726074837146,0.3215343457257841,-0.010729814303186085,-0.02084796964617145
-4.891531636918828,-219.65501479161588,24,-209.10066347975132,-10.02856109541019,-0.5257902164543543,117.08622917648948,-1.8976948952375436,0.7192161533666666,-15.164661722434277,-12.258140167224333,-10.249681606451604,-8.402847391630294,-6.681193719453743,-2.8626396069829783,-1.578201472794536,-0.6903875968055329,-0.027795784055402596,-0.06913150142050209,-0.029252398400291327,0.06223153461698543,-0.09697308326843426,-0.2207813672627165,0.05359352987050765,-0.1003173050356338,-0.4563036239726293,0.11249714336693264,-0.13659682094917325,0.12888045297199124,0.1252892507457782,0.07215053649680594,0.4041347108218554,0.008904257272524401,-0.01323390035640725,0.13216289798091857,0.021294930451312102,0.2036860653774824,-0.16070885136794733,-0.15821413235126996,0.1444834584673136
-4.743788133814198,-218.6992343015602,24,-208.25523226380213,-9.596185116394409,-0.8478169213636557,116.906415615662,-2.3013239026526575,1.4840882164073677,-15.001916141782763,-12.135042942252705,-10.857843308716255,-8.139442725829824,-5.723716460856681,-5.696961412217553,-1.9406641265659659,0.22181644296836264,-0.2174356389054217,0.048650792961775956,0.012786428926923658,-0.14688724090878066,0.012361526030383922,-0.2279028648722671,-0.19269898694418625,-0.07829215876644108,-0.030874825143798065,-0.08825977855280984,0.022253396576335453,0.015555964252612485,0.18669102324759046,-0.057006800076381856,0.1364705166729881,0.09539482892945281,0.301382594489341,-0.06180270098997233,-0.10576780622257942,0.14594013533192876,0.015100887756558143,0.14953488451295371,0.06480582169379384
-4.728255654378782,-200.2234266402595,18,-188.08712696391356,-11.609473370150992,-0.5268263061949513,85.83074373284164,-1.3490754159199523,1.7669148251604778,-14.934291882220677,-12.434550944048619,-10.11378156491656,-8.22865875364505,-6.343740779974927,-3.6976592902009338,-1.846586092598746,0.15639413902347873,-0.2787855142477279,0.09367706601687388,0.08391118415491987,0.057194834831790886,0.017392341343689017,-0.20159272970695272,0.16835533704794492,0.09329406367622063,0.20252230407181007,-0.1935845291790915,0.11329897289398672,0.00202989883021204,0.05879700095102584,0.0037548543350628266,0.11876998858421592,0.012797831313459487,-0.12055843929615692,0.050192612280125115,0.0051026188918713855,0.024719756292863923,-0.44094292194382506,0.13962421199750227,-0.009970743139820687
-4.985950268325899,-253.26385243382248,24,-239.83075573062828,-12.881305477613633,-0.5517912255805635,131.96226306717472,-2.3137094421887383,1.4485658503116017,-15.642089960995358,-13.624420518101797,-11.365850878968647,-8.418214309144362,-6.4540610707005035,-5.011806603143917,-1.805848498286136,0.7012044882636485,-0.1674139127938017,0.1731936508361595,0.13026398247187776,-0.014288906132290245,-0.1380162836190646,0.06151373351084405,0.05327503599707957,0.17345926575770543,-0.031751203920135335,0.2140474435386876,-0.0462288271914269,-0.1670656443724251,-0.13503329001265396,0.02544739243859586,0.02498194695012835,0.08398829442155459,0.021253018641172003,0.18140690071858762,-0.004354991460448238,-0.2646323164217742,0.016644620039069108,-0.266207679856034,0.07551777045859286
-5.598543531669152,-201.35156481838501,18,-191.47948266331997,-9.461364691494923,-0.41071746357011446,122.17806090428188,-2.2476946214656235,0.42583475319497266,-15.897790340027319,-14.326177317496196,-11.667392438405823,-8.742741789700377,-6.752850030973193,-5.345474160389178,-1.980814605643923,0.07559650129404771,0.17241688103996824,-0.13409574175014702,0.22662143415100847,0.14026261790149552,0.19480995450448904,0.042272509657425544,-0.13507684517054222,0.13096024536435152,-0.07985220482302013,0.03152060710773415,-0.011864717728311915,0.18254230971176524,0.12338698208073025,0.0017530614453752542,-0.27890314783879205,-0.08144618878714929,0.11947127461489343,0.05585447034921853,-0.21164535896969833,-0.2571502646781025,0.04316430371584937,-0.14472064396513554,-0.13028153793340566
-4.605163597624664,-217.75470154218755,16,-210.82570883279934,-6.372666848242185,-0.5563258611460363,146.92746834958444,-1.7905802930657566,2.861143394820937,-14.971666629262984,-12.833951456250004,-10.615863280600124,-8.430258556747507,-5.558466022231871,-3.678213353100653,-1.3094813558065121,0.7316189739686862,0.06370338523900088,0.1431480429839539,-0.14979307813384196,-0.04390182022022324,-0.04832477397605129,-0.06181838978287471,-0.031098002654952415,0.07628706509762623,-0.13827642608783652,-0.2659794042558072,0.21631371596216684,0.12622551459511033,-0.2027334547658069,-0.01684297276200421,0.11441755060951936,0.07516881760050866,0.0321142224109955,-0.06272180781715878,0.22190781468089646,-0.004058943209478222,-0.11443166297650076,0.0934735852484421,-0.02277897778568415
-4.784255268368479,-193.9004483421318,22,-184.46353991148794,-9.190834209764951,-0.24607422087891073,118.8823853020324,-2.1946440958637465,1.570159586289389,-13.926991734271613,-13.171090897415906,-10.308361717462237,-9.4425944679144,-6.871304483988338,-4.10739624705019,-1.7180091048483537,0.16483686061673586,0.08337183454359037,0.06137455569422813,0.10541851152058349,-0.11586626255433402,-0.18676378261995422,0.24602208394058464,0.0683398597239224,0.14652926706683383,-0.2330617075710969,0.19090464176272243,-0.04732067134781812,-0.09003054956580964,0.021396200310749063,-0.11579485612583171,0.03064242072170597,0.010451423403374037,0.18996156124062943,0.25790385077646744,0.2531295443817845,-0.3087750714538704,-0.10937284902094574,-0.3103308391178073,-0.1481291657097076
-5.548376149288595,-211.13304969130056,22,-200.9528742231409,-9.819854826036677,-0.3603206421229757,128.49510195778532,-2.6174721967687065,0.8645579398691825,-15.831972358694934,-13.600227945177972,-10.577941375362256,-9.311820809657236,-6.10232676683826,-4.437081898232314,-2.462464619071622,-1.145174604449093,-0.07703747058732847,0.08197450333228776,-0.05759972412563481,-0.05342024959405063,0.047654963528210706,-0.2360061857329254,-0.10539871189633332,-0.05514323282435965,-0.009970037246455392,0.03193335958207801,0.2454877295082025,0.1566406852104104,-0.09500624262554397,-0.01880909786947394,-0.029025609515572287,-0.05673261642986531,0.061267634921382715,-0.25857667189739,0.1524974192492188,0.27442287965554957,-0.020085820052526293,-0.023014402719428076,0.04394689812954695
-5.3411507819601365,-199.9996410131444,22,-189.6261108456444,-9.834539128399042,-0.5389910391009778,132.47727264157894,-2.5496779124160445,2.7966144187738196,-14.873531701260323,-13.445178927977244,-11.6526563752487,-8.65615754684902,-7.463695240814835,-5.007985798739214,-2.4890658805517347,0.7680599300972273,0.14538480898886225,-0.05616714507775561,0.1325686873600912,0.06575111331281713,0.34671862904553424,-0.05682238982951367,-0.30392315471329434,-0.22246395565799637,-0.005733851945145706,0.14665922654794344,-0.10539945861827785,-0.04216295503646878,0.09520332304456708,-0.15230797768693793,-0.09921349743439195,-0.1826820906967084,0.169211126377215,0.22372783421428577,-0.2444353359791283,-0.028850912403402748,0.20356575870457244,0.052281189988166395,-0.08090897250503346
-4.5562441927918655,-218.72990940538818,24,-207.82803624163662,-10.51683547163487,-0.38503769211669175,93.80757662008213,-1.7311170207965223,1.9939118477762603,-14.89970207068811,-12.64249530958501,-9.904357379866758,-8.74682060840846,-5.763412430852837,-3.238995074697858,-1.8526487780045586,0.9568329479065673,-0.1699297502994348,0.23493625041562965,0.11607184988387464,-0.1589533905190633,0.24047822572344862,-0.17806596662148044,0.028921644517088285,0.02230236213638065,0.3047517669693753,0.02283763886017713,0.022298164697091283,-0.14246718409245404,-0.03406508421659083,-0.06059975148989633,-0.05278878725850388,0.062937246375981,-0.30313189023418885,-0.16453996917033462,0.04534173660112682,0.08018277010778976,0.02697964784561569,0.05587539417445586,0.0006270755939123199
-4.697258434576162,-199.3200622400154,16,-191.2395480515665,-7.633035359717995,-0.4474788287309052,159.2504991990239,-2.67935575728103,0.5398640028787125,-14.55153347297026,-12.919742273620912,-10.51044649181013,-8.458565675994853,-6.16964899205583,-3.9066137706805346,-1.546015609947376,0.5570756902174054,-0.01941822892069192,0.04847879460308989,0.047427520866906575,-0.11998630015501686,0.1206216725012,0.006923765739255416,0.16818955501472288,0.19828832625381976,-0.23305154664222938,-0.14549666926654886,0.10538966755934004,-0.2663764014555846,0.1963840059677635,-0.0682248676581419,0.06961241683011023,-0.034101137865358955,-0.22550096760379557,0.14168915188355374,0.39596591614435694,-0.09389377988959628,-0.06499632106302888,-0.41400746992630144,0.18608289708217562
-5.360148996429406,-178.21214217897065,24,-166.72460421103497,-11.010884547583727,-0.4766534203519757,113.53811418116075,-1.3014177862255945,0.664404202880097,-16.57600578206048,-13.265945947958276,-11.829145667418501,-9.069441194091642,-6.850615218906295,-4.157789103101338,-2.5180638728365983,-0.23053998725777622,0.16319240304025232,-0.23357997469428526,-0.28330521469308106,-0.2659570878608379,0.12320297341987461,0.13817631755606422,-0.11207248704136635,0.10131660932137164,0.050259172762624746,-0.028662851414180904,0.17195712861674686,-0.1543127355702539,0.19855848665303613,-0.08285062848820102,0.29365810690900856,-0.12436829890826809,-0.026308207176067164,0.03521567524530486,0.03427538678732436,0.1000518797066662,-0.16642475812304972,0.02083074337695664,0.04714736057436003
-5.134966884537845,-227.91803437237854,24,-214.78472862910215,-12.713570968837125,-0.41973477443925705,127.41849903213728,-2.3451996421508747,1.3220842240897261,-14.738438694209131,-12.378233611771053,-10.910759560502015,-8.65930573512621,-6.5585266619881475,-4.69198065246767,-2.662381639116182,-1.2709098427508128,-0.11569017904635528,0.024079347176776365,-0.2384849324653034,-0.0854975287997388,-0.14950706410268616,-0.08504408487448913,0.1805258735460442,0.18343891348147376,0.15403302364504676,-0.10586803745426399,0.09961329607789479,-0.01967512640326568,-0.02969098991668499,-0.04813364758501165,0.22723323316473248,0.16834634539133328,0.07520501732492835,-0.062074590268730245,-0.03059533170395196,0.043055545238523875,-0.11477078222023962,0.10421791195253932,-0.17471621215857225
-5.0717311148153446,-215.80179026702555,16,-202.1438895032225,-13.16330785122909,-0.4945929125739514,129.60873010423728,-1.6918920915159696,1.737845583079858,-15.61006158207751,-13.818189388563104,-10.158417586874432,-8.548951682095202,-6.56327202986019,-4.716187993570172,-2.199698626055175,-0.4957210536430116,0.024512998261247275,-0.377720887407258,-0.116856333928683,0.27738801499955296,0.12116516922042309,0.19605671255181506,-0.1343597050415208,-0.018697629418298105,0.15803528302578213,0.06070068526744304,0.04202132666538438,0.2103237406111459,-0.19033179978045275,-0.06189926085518897,-0.29737638933876664,-0.19852946272870373,0.12686425388848213,-0.17186594486718204,0.07606508318040106,0.21450920135684853,-0.06095428118715432,0.04371596103160837,0.07723326449307444
-4.691498112142435,-220.04229257096662,16,-209.72434571506247,-9.841981971511887,-0.47596488439225226,107.77823808014554,-2.315206312014817,1.9982398651711375,-14.604488833832134,-12.425773977824615,-10.83647567760652,-8.703157665982209,-5.638969863416305,-4.0036423750023715,-2.224865469632023,0.12324873701280542,-0.14765035939143967,-0.05689395172661193,-0.1149752816822252,-0.04493456644390916,0.14299050478071004,-0.053705609572798595,0.030300916028772586,-0.12079534247114018,0.21953722474860043,-0.04619259846495543,0.2640209828550382,0.044713264145949144,-0.17547603662591676,0.009919888086701474,-0.12384262405137952,0.12397630667526804,-0.0036305172804848296,0.060055438322648244,-0.01982906643843929,-0.04772744551095368,-0.11046940137379893,0.16100734059177454,0.009600934798590446
-4.375529650430044,-176.4366439368222,16,-168.14036411481072,-7.878615073639397,-0.41766474837210343,147.70470497171405,-2.4576206899981825,2.2601427836228543,-14.880826693783348,-12.266264297903861,-9.674001210883523,-7.960793555655746,-4.622284357163781,-3.45056415211983,-1.4034095693660804,0.17031928408705288,-0.003980426628836159,0.013491122659597413,-0.05860606159694474,-0.0034795065904823577,0.0740676796299446,-0.1118973424325933,-0.0901795915359597,0.2499658214693225,-0.011190272494011971,-0.03951091391268003,-0.15835753340796985,0.17082485304705733,-0.11516566460070504,0.04092930828170273,-0.21300455297156712,0.16594912748053892,0.21975164396870855,0.11590125924762373,-0.18694881228487303,0.16903752901230606,-0.08087914252013143,-0.13242257438232038,-0.014295949437726552
-4.967175420944388,-218.4986162027826,16,-208.67883198020104,-9.52502949675612,-0.294754725825451,123.98932904031649,-1.8769481588549088,1.9316579251201142,-15.086442144365721,-13.213825199604091,-11.764283749432163,-8.051472881308555,-6.6514721272909325,-4.633089743825328,-2.0047475468222977,0.2890743551663706,-0.08473113770413779,-0.09998328437920781,0.1668251504835397,0.2775479127642296,-0.22959646730458408,-0.12755084585085294,-0.002813736295420897,-0.08253346034274851,0.035683825689613036,0.11317181668970486,0.08817890463834177,0.06723404847531039,0.22463834143579406,-0.2625680791395808,0.19779033209102792,-0.08617473181562595,0.09354279639917962,-0.1786759209440809,-0.16050044548615602,0.07509160702013973,-0.31353549011464127,0.12419032504108249,0.16476853864907381
-4.415396176523688,-225.7634620993962,22,-214.65384402607688,-10.634737570541287,-0.47488050277803256,116.79791044638999,-1.47410826649205,2.5773967829127966,-14.575783592976828,-12.273839867471056,-9.756588187152202,-8.166921545257233,-5.69280073421345,-4.53073277143255,-2.1789128185947053,0.8873737125165134,0.03312942407372562,0.027725851336165182,-0.1185837257368862,0.10762910635993186,0.058611482960495495,-0.13176411340419183,-0.05226029651384719,-0.017438617704988918,-0.05245863347849645,-0.19797501600311462,0.11131474228696592,-0.0300648723859026,0.008766412383378015,-0.08027829211023238,0.07775241709518008,0.0362661236565921,0.18837935436894435,0.07855150294022925,-0.02394096427618502,-0.10449582662600244,0.13635459858687835,-0.03592471881858707,-0.01929593899005151
-4.563341515455287,-221.19403535265602,20,-211.56553827928275,-9.083117406876042,-0.5453796664972156,122.07761943582663,-2.123683875430052,1.6014345277443758,-15.210120835038936,-12.303415599041497,-10.351126620839537,-8.317003718143972,-6.40614432851058,-3.3943857921168856,-0.8412530810525114,0.5867545658448104,-0.05437257710865655,-0.08881799276332475,-0.051757685299235745,0.26035429824513134,-0.18575014428390915,-0.15075246777899684,0.1790718265583821,-0.0847974938390161,-0.0961700287759896,0.12665274235125973,-0.241606178757018,0.0946413282232555,-0.021734371766523767,0.041143483460041264,0.03832780712306352,-0.12277422413715101,0.1291007308577306,-0.11109749288646571,0.0327505166850559,0.1570818366646151,0.17825841881221505,-0.0686457865558592,0.04089345497139624
-4.8971749329966645,-213.0448460440848,20,-202.71434764636464,-9.627575312210748,-0.7029230855093989,131.46378297913535,-2.03273867687873,0.8922884956174222,-14.735929575160256,-13.095483105068269,-11.209509263194567,-8.488472956828323,-6.8126211855471315,-5.069194282868862,-1.6383091696710157,0.528908461129252,-0.06818564804902959,0.3613071045718294,0.10275657136258612,-0.0016535641429463004,0.03262199650017473,0.04680348279842347,0.051249201599035656,-0.05026206216547021,-0.07341142440376289,-0.03704033377746063,-0.1852160852755678,0.09347883152768235,-0.13451808591583256,-0.17325484136619415,-0.016415499503108968,-0.033780723971969656,0.02318284184986162,-0.09949313492794809,-0.07314371325313268,0.08955559624478696,0.08042025055579241,0.07416642740801507,-0.009167187665764303
-5.721741675848119,-224.5215890589473,16,-215.87010035345222,-8.347619052691467,-0.3038696528036362,120.1619724721455,-1.5962913194585995,1.4973193042728212,-16.151161062324665,-13.456902372351355,-10.935051256237951,-9.190656903745753,-7.746890427468915,-5.123902668180955,-2.201194108684266,-0.598228354045563,-0.010140703983078269,-0.0009132643263439696,-0.13388535845426597,0.18562789253899564,0.16425910739023541,0.0836577411672256,-0.09935833544315914,0.04539252020960305,0.1112763931825463,-0.21895863274109095,0.2186976667718551,-0.29638723915628873,0.07021177547344182,0.18251324845495087,-0.052438617086974115,-0.058048757456380495,0.06467002141411901,0.2423031863071613,-0.0776392431741244,-0.1526223762628112,-0.09904541582411833,-0.2683561963258525,0.09918458732435385
-5.513855432044244,-215.24231617811756,20,-207.36899978173392,-7.346992225126453,-0.526324171257196,133.22894865574858,-1.579736374874222,1.4448154717233663,-15.244289380452843,-13.200183679502546,-11.655896825319086,-9.395706613114136,-6.772994282089802,-4.391133827748327,-2.1067600994424454,-0.942908204428341,-0.054360343146862194,-0.008498758349616577,0.15919528447306766,-0.03378443390126058,0.13661567406847627,-0.13296116081222628,0.16656002900881642,0.0740378679500373,0.00946526013726651,0.0423861379517861,-0.17026207943769373,0.03895222635226224,0.0015016469567261659,-0.16616277680541777,-0.07790919927576484,0.003365326067339025,-0.06834171298195947,-0.3390649709973458,0.18421024570154665,0.0014386334967669313,-0.31834041662526497,0.342996555712126,0.2089609644571951
-4.629379682477391,-209.2112622261963,20,-196.85596289805844,-11.90878025714599,-0.4465190709918733,94.72691791548391,-2.0192458600098706,0.5625723437299937,-14.412819415138795,-11.893000483760762,-10.837206281907116,-7.457434686006074,-5.238480697376725,-2.6025507983808476,-1.6567701049195362,0.4888326556538331,-0.09644292306313579,-0.17047023910789066,0.01638306621119278,-0.013746593170264318,0.03721787331717051,-0.17003865639114274,0.12057018774285944,-0.11511493387921791,0.058019246895449544,-0.16363650447143913,0.3531259824601375,0.06023288694190325,0.3885392260831615,0.08004468104602144,-0.12831526893318812,0.08031150363549389,0.09099105732609694,0.011903006271778871,0.05046325540192295,0.07016345400826583,-0.19314776701774675,-0.20382437611237836,-0.1632281651950505
-5.855264789262516,-217.29807060206875,16,-202.30946819847466,-14.679193127286798,-0.30940927630730053,108.78045015260264,-2.2217399462426446,1.0509065127234731,-15.441767594703858,-13.313506309880665,-11.006367073050427,-9.034676770458534,-7.336867172352964,-4.529980514490052,-3.533749006966021,-0.8523386208998276,0.008910852346574329,-0.04369618253001524,-0.1565560916974445,0.10607662476894482,0.032236216211469756,0.015118841896625913,-0.04891890258509253,-0.06695472216383816,-0.13642018108034867,0.12984053707159846,-0.11574443905698019,0.021188063194920306,0.23908105263180274,-0.060059168512404795,0.13388481429887694,0.07508584559634875,0.03649962768015581,0.05433175947671072,-0.02445649219964175,-0.005004111489986138,-0.09243759904286089,-0.004001938638888873,-0.09800440617652677
-4.940510754052007,-194.54614182563088,20,-183.36582846048304,-10.7030735972409,-0.47723976790695083,87.91799527786027,-1.958672020277484,1.7513629863603606,-14.158642946027106,-13.422776860255023,-10.993534296836303,-8.176065679941933,-6.17212619600536,-4.6637377435944165,-2.29146489827422,-0.5309017853771768,0.1550422375919684,-0.2507306406712878,0.07635196729930115,0.05468197884382075,0.041096368256883835,0.15786881596030178,-0.038724564875963305,0.04250905031628627,-0.25328730959748913,-0.058103558689804664,0.13255443830676242,-0.19668028669999346,0.028155478688090534,-0.09743358715209077,-0.012454072135281446,-0.08845764968376078,-0.18288536701353578,0.062094470874448915,-0.0032455406732331193,0.09608834158355868,0.12335965983030793,0.18798278419383102,0.024216985446878524
-4.4997571961189475,-218.94525151696345,24,-206.38710155629556,-12.038682934480143,-0.519467026187748,149.9551223526442,-2.0954557456941716,1.160627547830571,-14.00951469635866,-12.484840732097071,-9.317964955024344,-8.030635645527507,-6.038198776391814,-3.943882362479133,-1.764714256572304,0.555653351447954,0.16090694299119532,-0.17575238680792907,0.10695776368493376,0.039522351749892104,0.005577687177932136,0.03732362442518165,-0.17349704244960523,-0.20889823218803932,0.2270880172122638,-0.05469453742887647,-0.05683522397029102,-0.1947326318354797,-0.2516529565238115,-0.042634042521128235,-0.08062439892559511,-0.02912605718791829,-0.0163131196419597,0.3440329514898181,-0.08017320781012914,0.20760480549223106,0.21691742155745583,0.08365743209151172,-0.06465516058165267
-4.923789568870371,-212.78644643864837,18,-204.09233010955177,-8.336083626850977,-0.35803270224562556,149.759881915274,-1.843512924091574,0.9830325105416008,-13.667585780581211,-12.950362261062908,-10.791252013541738,-8.462421217457353,-5.8072237442696695,-4.919996135121046,-1.8391003432726902,-0.3325021568809516,-0.20604631612377666,0.0698661158962187,0.1509963462512743,0.2603276539385804,-0.14431915884088456,-0.038354424081657394,-0.14340515426729433,-0.09684716456940566,0.09783266443147676,-0.10372118110872766,-0.1254661423014187,0.1177239138544739,0.06578535280266473,0.0506762139864089,-0.09975856943372717,0.192128026028338,0.00034806389410137976,0.35520305510934813,0.022349459716639365,-0.3518276419809413,-0.3585067959203976,0.09176702557295299,0.19324865714575354
-5.3006986227858635,-206.4813589090925,18,-194.57876502515472,-11.4486675906942,-0.45392629324360806,129.39924101299476,-2.5971352134228765,2.2291009566436513,-15.024062278310389,-13.404721451108948,-12.16703550695022,-8.687338392870693,-6.548697666183858,-4.875953062739865,-2.762727695714507,-0.9563849853296897,-0.20279297942581737,0.22992805597933275,0.16423108061187552,-0.05363674542106775,-0.004300668583820222,0.04896077267103756,0.19828047466083737,0.01710163507459725,-0.05702901209656759,0.015626419700757385,-0.004614717719856068,0.053442768154009127,-0.3207222538991704,-0.037840742445121686,-0.01615268380027951,-0.09614583499506574,0.03240620669539386,0.2029563831481162,-0.06448619027157389,0.018539402168913588,0.15572095413049303,-0.06098408404596162,-0.2184882402910613
-5.423307178432398,-169.29681459644428,16,-155.10386787978874,-13.751557277127887,-0.44138943952765997,104.81072893630453,-1.8614092103206268,0.7667633401796483,-15.036757207662964,-12.839342144341853,-11.577118335306057,-9.264702979630394,-6.883523167573308,-3.5735888236289113,-2.2936034474950744,-0.8950149359365878,0.1529267038096972,-0.2696900440732028,-0.2841951792478934,0.11051168351394727,-0.29118568101577136,-0.13671528491772006,0.0035450919199602055,-0.04765257601537441,0.03838890091444092,0.22749039756178313,0.09633199815109822,-0.0653381838204103,0.26372603736414996,-0.15376870903512008,0.0938424027623235,-0.17045301980524707,0.09840756230608946,0.01276576586261894,0.22289556317546377,0.168663297125643,-0.027511023352240857,-0.056281069675927595,0.013295366491692183
